date,revenue_usd,fees_usd,profit_usd,cash_usd,portfolio_usd,volume_contracts,volume_usd,exchange_volume_contracts,net_asset_value,trades
2026-07-01,NaN,NaN,NaN,1008.84,1008.84,NaN,NaN,NaN,100.0000,NaN
2026-07-02,16.497706,0.000000,16.497706,1025.2292,1050.2875,573.201497,285.812414,NaN,104.1084,92
2026-07-03,28.342990,0.000000,29.404390,1066.2992,1076.9555,678.759517,359.691037,NaN,106.7519,104
2026-07-04,9.837606,0.000000,9.837606,1079.1017,1085.0267,240.685720,121.589786,NaN,107.5519,53
2026-07-05,-2.022678,0.000000,-2.022678,1074.8381,1082.8527,235.932194,111.894432,NaN,107.3364,51
2026-07-06,-0.296717,0.000000,-0.296717,1068.0667,1082.5850,664.757834,330.213056,NaN,107.3099,139
2026-07-07,0.635842,0.000000,1.734042,1056.5777,1084.9303,702.156066,351.227932,NaN,107.5424,151
2026-07-08,3.086321,0.000000,3.086321,2049.1736,2090.8878,484.263854,249.350383,NaN,108.1588,109
2026-07-09,-33.188860,0.000000,-29.847360,1753.7580,2111.5801,3665.910500,1895.562831,NaN,109.2291,312
2026-07-10,3.151776,0.000000,19.852176,1634.9769,2123.0884,9830.959016,4898.881816,NaN,109.8245,635
2026-07-11,91.971923,0.000000,111.080923,1785.6740,2246.6565,15255.411043,7668.606661,NaN,116.2165,1030
2026-07-12,-19.113232,0.000000,3.838268,1845.2373,2200.9200,12192.589154,6057.113747,NaN,113.8506,780
2026-07-13,25.650221,0.000000,39.612221,1523.9759,2245.6110,9471.215022,4675.867955,NaN,116.1624,629
2026-07-14,26.223893,0.000000,42.805193,1775.1343,2284.9017,11174.773008,5505.922330,NaN,118.1948,699
2026-07-15,31.781413,0.000000,46.671513,1830.3821,2327.3727,11134.925470,5644.016759,NaN,120.3918,711
2026-07-16,42.841269,0.000000,67.821169,1606.6441,2425.5119,16335.139077,8104.345280,NaN,125.4684,1056
2026-07-17,-20.500895,0.000000,0.094805,1461.6903,2365.7948,14264.428885,7041.183714,NaN,122.3638,913
2026-07-18,25.946328,0.000000,51.684128,1721.9574,2422.8981,18615.740427,9320.423940,NaN,125.4150,1162
2026-07-19,153.672700,0.000000,174.716100,4287.2902,4630.4356,13714.837380,6815.269304,NaN,132.0701,862
2026-07-20,-14.011306,0.000000,10.249494,4008.8265,4642.9483,15262.806856,7586.029497,NaN,131.6976,1050
2026-07-21,58.522000,0.000000,89.902300,4078.5837,4726.8972,18392.385893,8936.265045,NaN,134.5064,1219
2026-07-22,-3.135269,0.000000,26.313831,4095.1305,4723.3976,18854.090403,9383.694676,NaN,134.2674,1175
2026-07-23,110.355834,0.000000,155.418934,3793.3179,4918.2961,29924.159620,14713.878752,NaN,139.8042,1499
2026-07-24,-48.788358,0.000000,-13.724058,4106.3577,4871.6945,21794.348761,10658.727157,NaN,138.4997,1063
2026-07-25,-259.692226,0.000000,-214.105526,5873.1319,6612.3224,27947.279465,13953.805555,NaN,131.9287,1368
2026-07-26,-26.305192,0.000000,21.598308,6348.8565,6721.5587,27458.654382,13855.790964,NaN,134.0850,1399
2026-07-27,200.701848,0.000000,222.481148,5892.8453,7054.0360,14263.369228,7058.628714,NaN,140.7193,812
2026-07-28,137.763478,0.000000,151.888578,6415.1175,7050.1080,10022.557571,4935.149804,NaN,140.6071,503
2026-07-29,36.620815,0.000000,68.501215,6259.8899,7024.9174,21348.366843,10388.886601,NaN,140.3353,1124
2026-07-30,-126.015089,0.000000,-83.334989,6218.0886,7115.0059,26922.411797,12911.784971,NaN,141.9306,1322
2026-07-31,-10.993356,0.000000,13.726044,6069.7455,7156.0595,18061.196596,8468.167901,NaN,142.7580,995
2026-08-01,300.889484,0.000000,329.753985,6375.5943,7387.1868,17333.361212,8230.183858,NaN,147.3647,792
2026-08-02,75.933395,0.000000,117.978595,6954.5448,7567.8130,24636.328306,11791.689400,NaN,150.9625,1075
2026-08-03,134.477331,0.000000,181.120331,6321.9572,7693.0147,30559.237801,14615.145669,NaN,153.4507,1252
2026-08-04,357.227876,0.000000,415.191376,6703.1210,8042.2797,37180.906551,17661.060639,NaN,161.0407,1290
2026-08-05,-114.597252,0.000000,-62.981252,6462.5568,8126.5232,33029.206142,15869.463023,NaN,162.1846,1107
2026-08-06,450.004020,0.000000,505.198520,6967.1987,8532.8355,35938.847974,16938.786571,NaN,170.2266,1210
2026-08-07,261.288397,0.000000,305.685497,6951.1327,8741.4999,28553.236126,13298.651866,NaN,174.7037,1010
2026-08-08,-534.136071,0.000000,-447.141771,6162.8810,8679.1277,60281.077493,27922.737551,NaN,173.1813,1673
2026-08-09,-1232.312345,0.000000,-1109.398845,5271.5069,7521.2078,83070.878433,38868.133512,NaN,150.2477,1714
2026-08-10,74.531271,0.000000,157.914571,4262.1726,7693.4443,55681.100016,26875.428558,NaN,153.3484,1270
2026-08-11,735.373533,0.000000,839.688433,4782.7560,8513.3586,78482.060713,36686.006474,NaN,169.9810,1558
2026-08-12,-674.019485,0.000000,-526.609085,3445.9145,8145.7956,109305.702762,52177.175195,NaN,161.7919,2007
2026-08-13,794.079728,0.000000,934.829228,5738.1177,9970.3012,84605.199524,39162.753797,NaN,177.9940,1464
2026-08-14,338.438521,0.000000,467.481821,6105.4492,10125.0094,89896.207529,41280.577296,NaN,180.7389,1722
2026-08-15,125.315306,0.000000,273.827406,6475.8541,10467.3794,105254.258720,47930.067528,NaN,186.5986,1952
2026-08-16,493.187763,0.000000,625.921263,9235.7888,10971.4078,92608.108255,42689.420240,NaN,195.9550,1769
2026-08-17,-201.463121,0.000000,-114.761121,8080.7448,11097.5982,59526.725805,28548.386497,NaN,198.0390,1153
2026-08-18,-972.502303,0.000000,-888.225703,4485.4755,10230.4480,76000.645027,37222.905403,NaN,182.7188,1445
2026-08-19,-653.470670,0.000000,-509.419870,4349.3651,11369.0343,91727.412437,42668.513893,NaN,166.5667,1762
2026-08-20,-734.854620,0.000000,-555.130820,6663.8424,14690.9986,117790.521503,56292.810275,NaN,160.9192,2160
2026-08-21,51.749239,0.000000,202.049739,7214.2892,15126.8300,90859.321505,43871.941825,NaN,165.4401,2537
2026-08-22,-1204.005414,0.000000,-1061.676114,8067.0097,14396.8073,102663.869543,47936.526586,NaN,157.5632,2963
2026-08-23,-21.607971,0.000000,112.971829,16307.9299,18271.1540,77702.204487,36610.877633,NaN,155.3943,2555
2026-08-24,-304.569512,0.000000,-209.687812,15175.9397,18151.2759,66706.076937,32334.142410,NaN,154.1952,2253
2026-08-25,151.576586,0.000000,249.889686,14842.6347,18364.2391,71652.848547,32753.124583,NaN,156.3099,2456
2026-08-26,-429.313929,0.000000,-321.795632,14192.6749,18030.0241,76661.076074,36718.132270,NaN,153.3266,2343
2026-08-27,-25.075567,0.000000,91.442433,14315.6224,18365.6510,78490.164983,38466.344645,NaN,156.1231,2464
2026-08-28,398.125642,0.000000,492.977442,14089.0446,18582.9573,64440.628602,31768.836558,NaN,158.1602,1946
2026-08-29,382.157611,0.000000,499.365711,15158.5054,19205.8449,75963.289619,36037.600416,NaN,163.3003,2259
2026-08-30,-5.657837,0.000000,113.173663,15363.9098,19167.2999,82606.387695,40397.707194,NaN,163.0548,2465
2026-08-31,-59.461040,0.000000,54.002960,16347.5190,19244.8170,71027.328537,34527.296012,NaN,163.7681,2262
2026-09-01,-155.429311,0.000000,-21.260911,15128.6243,19381.3263,83727.199165,41627.406354,NaN,164.8221,2817
2026-09-02,311.379895,0.000000,463.400995,14942.8703,19648.9015,103211.155557,50814.750010,NaN,167.0668,3280
2026-09-03,-807.726170,0.000000,-702.531670,14533.3629,19162.3448,62988.737755,30475.799870,NaN,163.0325,2049
2026-09-04,681.090949,0.000000,820.264449,14473.1334,19905.4995,88928.917542,44203.692074,NaN,169.3768,2784
2026-09-05,699.004231,0.000000,875.767731,15936.7399,20705.2023,112965.242956,55202.518358,NaN,175.6720,3497
2026-09-06,297.008095,0.000000,481.501795,17934.6926,21198.8210,116472.605042,56338.022142,NaN,180.2533,3597
2026-09-07,72.863721,0.000000,218.847221,17271.0582,21355.8928,93556.638757,45754.400230,NaN,181.6427,2920
2026-09-08,7.231590,0.000000,152.858290,16360.2540,21565.9283,98184.967138,47329.980736,NaN,183.5531,3118
2026-09-09,125.088619,0.000000,280.694319,16828.6606,21853.9682,101573.958168,49315.619174,NaN,185.8274,3278
2026-09-10,150.125254,0.000000,284.910254,16420.2597,22222.7862,81408.002554,39787.650622,NaN,189.1610,2605
2026-09-11,384.990322,0.000000,505.704022,15771.6875,22561.6145,74022.056861,36270.543039,NaN,191.8844,2365
2026-09-12,283.245095,0.000000,461.600396,18428.9013,23278.9405,118293.576444,57834.353525,NaN,197.9681,3601
2026-09-13,474.442912,0.000000,680.515212,21072.6524,23965.6973,127653.875553,62361.704357,NaN,203.8162,3998
2026-09-14,-253.330406,0.000000,-113.431106,19461.2084,23662.6054,91688.100084,44833.275256,NaN,201.2431,2957
2026-09-15,-72.787523,0.000000,123.005577,18336.0163,23790.2885,129395.241021,64481.620488,NaN,202.3483,3983
2026-09-16,-607.295534,0.000000,-399.852335,16584.8784,23493.8353,135902.214324,67813.606532,NaN,199.8694,4288
2026-09-17,-723.911246,0.000000,-526.449546,16014.2714,22913.6795,123767.596589,60737.538862,NaN,194.7415,3881
2026-09-18,-61.058498,0.000000,128.626502,14640.7263,23112.3170,121584.865256,59775.582397,NaN,195.9862,3878
2026-09-19,498.766230,0.000000,608.339330,16926.8525,23716.1417,89855.890982,43823.431156,NaN,201.6641,2763
2026-09-20,699.018111,0.000000,919.728213,22095.8688,24285.0342,171941.283125,82644.434691,NaN,206.5241,5078
2026-09-21,-448.461086,0.000000,-377.439686,21189.4731,24140.4849,50772.144430,25100.107812,NaN,205.2949,1694
2026-09-22,-285.364393,0.000000,-175.784693,20669.8843,24010.5960,73727.582509,36372.437740,NaN,204.1903,2317
2026-09-23,219.554761,0.000000,325.418261,19081.0746,24211.0754,75247.500223,36935.034285,NaN,205.8952,2435
2026-09-24,-532.838821,0.000000,-398.374721,17320.6964,23808.0891,114265.360263,55895.715503,NaN,202.4681,3485
2026-09-25,531.319853,0.000000,659.749753,15902.5596,24376.6411,116440.476890,57014.475638,NaN,207.3032,3516
2026-09-26,-472.208473,0.000000,-361.271473,18066.4412,24178.1502,158007.165331,77069.864281,NaN,205.6152,4561
2026-09-27,315.829930,0.000000,425.123330,20935.8037,24515.8338,132966.606869,64368.199294,NaN,208.4869,3953
2026-09-28,-468.742436,0.000000,-373.718236,20446.6853,24220.4537,79356.616942,38068.763763,NaN,205.9749,2518
2026-09-29,-3.285669,0.000000,152.449531,19781.6102,24279.2706,101724.005420,49404.388513,NaN,206.4751,3124
2026-09-30,-676.308773,0.000000,-563.086373,17193.0023,23401.1287,75314.904045,35510.875888,NaN,199.0072,1853
2026-10-01,-518.635157,0.000000,-282.104457,12740.8911,23479.1401,170391.953661,83893.694951,NaN,199.6707,3427
2026-10-02,959.945830,0.000000,1260.433030,12587.1197,25176.6579,212375.254607,102454.182906,NaN,214.1066,3886
2026-10-03,3.114361,0.000000,357.304461,14335.4159,24598.8956,336016.480749,165163.716356,NaN,209.1933,6175
2026-10-04,-2253.543113,0.000000,-1921.892113,17598.9596,23023.5488,207222.165523,100085.010924,NaN,195.7967,4004
2026-10-05,1104.868097,0.000000,1342.297997,17844.5538,24475.8605,162179.933107,78123.697449,NaN,208.1469,2899
2026-10-06,-18.673308,0.148500,359.808292,17728.5079,24797.2998,260393.887108,126392.099965,NaN,210.8805,4262
2026-10-07,-388.655960,0.000000,-168.706760,16053.5326,24785.0693,129066.692109,63390.387798,NaN,210.7765,2382
2026-10-08,181.134781,0.000000,399.750781,11659.6430,25126.3010,144616.542702,71063.423648,NaN,213.6784,2687
2026-10-09,783.812072,0.000000,1160.345872,5693.8256,26550.2318,262423.857838,127602.702895,NaN,225.7878,4941
