date,revenue_usd,fees_usd,profit_usd,cash_usd,portfolio_usd,volume_contracts,volume_usd,exchange_volume_contracts,net_asset_value,trades
2026-09-12,NaN,NaN,NaN,5000.00,5000.00,NaN,NaN,NaN,100.0000,NaN
2026-09-13,11.526660,1.630000,9.896660,4936.8500,5009.9245,4214.36,2096.760000,NaN,100.1985,432
2026-09-14,38.944631,1.080000,37.864631,4964.1800,5041.5567,3920.98,1957.940000,NaN,100.8311,423
2026-09-15,1.310036,0.280000,1.030036,4762.8000,5052.2866,2082.65,1036.500000,NaN,101.0457,227
2026-09-16,28.761381,4.160000,24.601381,4220.8800,5077.4784,11582.40,5787.390000,NaN,101.5496,699
2026-09-17,39.194009,4.080000,35.114009,3925.7900,5098.4913,10597.11,5338.340000,NaN,101.9698,590
2026-09-18,88.447329,2.800000,85.647329,3377.3400,5198.5953,9777.51,4863.330000,NaN,103.9719,554
2026-09-19,-83.289794,20.690000,-103.979794,4139.0200,5089.3964,25999.63,12871.420000,NaN,101.7879,1434
2026-09-20,-179.569566,22.080000,-201.649566,4713.2800,4882.0665,20931.75,10558.880000,NaN,97.6413,1166
2026-09-21,69.386375,8.280000,61.106375,4314.0600,4947.2967,7442.96,3746.760000,NaN,98.9459,425
2026-09-22,-53.269550,3.700000,-56.969550,3777.4800,4867.0459,6036.25,3044.360000,NaN,97.3409,351
2026-09-23,-73.237981,0.750000,-73.987981,3416.2400,4842.0897,3126.35,1554.220000,NaN,96.8418,188
2026-09-24,32.457619,3.120000,29.337619,3307.2500,4830.6592,4253.10,2097.360000,NaN,96.6132,231
2026-09-25,-24.267595,1.750000,-26.017595,2922.3800,4822.5159,5673.02,2822.950000,NaN,96.4503,311
2026-09-26,80.328612,15.870000,64.458612,4169.1100,4924.6497,10515.29,5214.250000,NaN,98.4930,579
2026-09-27,130.208781,10.570000,119.638781,4902.2100,5005.2665,4611.11,2335.600000,NaN,100.1053,255
2026-09-28,-36.483426,2.210000,-38.693426,9509.5900,10085.5060,3524.32,1799.500000,NaN,99.4038,206
2026-09-29,36.581154,2.530000,34.051154,8855.1300,10137.4117,5432.60,2670.790000,NaN,99.9154,325
2026-09-30,16.528692,2.230000,14.298692,8380.4000,10171.0215,4532.03,2258.980000,NaN,100.2466,270
2026-10-01,-22.840356,4.560000,-27.400356,8226.5500,10122.2632,5406.88,2678.750000,NaN,99.7660,310
2026-10-02,-0.216920,4.480000,-4.696920,7390.5200,10037.9133,8837.83,4381.280000,NaN,98.9347,459
2026-10-03,226.818312,24.800000,202.018312,8853.3400,10286.9245,14805.56,7355.060000,NaN,101.3890,713
